{
  "epochs": [
    "michiyasunaga/BioLinkBERT-large",
    1,
    2,
    3,
    4,
    5,
    6,
    7,
    8,
    9,
    10,
    11,
    12,
    13,
    14,
    15,
    16,
    17,
    18,
    19,
    20,
    21,
    22,
    23,
    24,
    25,
    26,
    27,
    28,
    29,
    30,
    31,
    32,
    33,
    34,
    35,
    36,
    37,
    38,
    39,
    40,
    41,
    42,
    43,
    44,
    45,
    46,
    47,
    48
  ],
  "val_scores": [
    -0.07763560856450846,
    -0.022254380554091704,
    -0.021408973628974197,
    -0.04052675313899264,
    -0.039751138099033655,
    0.27442236522638097,
    0.5858912493411066,
    0.6157001116769054,
    0.6248963285141926,
    0.6235552699627811,
    0.6376079612371589,
    0.6362706371641617,
    0.6512316364916417,
    0.6532379899281442,
    0.6557294445830015,
    0.6559154066261249,
    0.6654770989386862,
    0.6697377302627022,
    0.6730558990460246,
    0.6812737846649943,
    0.689669353894134,
    0.6964746136717181,
    0.7016220985042426,
    0.7088460007501801,
    0.712606171200331,
    0.7160349390319711,
    0.7208722921302034,
    0.726109438445282,
    0.7264505887981142,
    0.7294998819633749,
    0.7321650136558466,
    0.7346537473806835,
    0.7327876511415423,
    0.7340855081094904,
    0.7367817808596085,
    0.7376301399974651,
    0.7375675245652229,
    0.7380546120639083,
    0.7390139783884895,
    0.7396320379086082,
    0.7401031467354311,
    0.7398634326971186,
    0.7403544519413778,
    0.7398645482802525,
    0.7402420230640782,
    0.7420400075944125,
    0.7409493903489136,
    0.740824819316183,
    0.7408595043863201
  ],
  "test_scores": [
    -0.006050969175178358
  ]
}