{"labels": ["BASE_MODEL", 1, 2, 3, 4, 5, 6, 7, 8, 9, 10, 11, 12, 13, 14, 15, 16, 17, 18, 19, 20, 21, 22, 23, 24, 25, 26, 27, 28, 29, 30], "val_scores": [-0.07265099736041974, 0.3979488153071053, 0.6185882701519885, 0.6485576921933707, 0.6546641938835523, 0.6719298827522558, 0.6816018463458453, 0.6841273652388904, 0.6939464932288129, 0.6938314906287485, 0.7000669796012798, 0.7081945378847943, 0.7166050496180891, 0.7235049361908441, 0.7308082260766431, 0.7357115424273479, 0.7389031417667351, 0.7458068924511978, 0.7503346164742851, 0.7526021197893727, 0.7574760478012198, 0.7597837108624522, 0.7629483200851491, 0.7646570231986616, 0.7663868528324679, 0.7693492385432374, 0.7686956006308137, 0.7710484367662096, 0.7714266618320189, 0.7720022670864218, 0.7720067410029233], "test_scores": [-0.09527172066530164, 0.4037857024217017, 0.621797327079943, 0.6500690503527229, 0.6564140115528028, 0.6708459028236001, 0.6823120856343189, 0.686725474813549, 0.6953538837079576, 0.695751185549616, 0.6996146169361864, 0.7067595002111583, 0.7158856563637633, 0.7220159469890468, 0.7287862972322783, 0.7355912609915819, 0.7372052366527937, 0.7448012623875183, 0.7490987728460882, 0.7518975999774725, 0.7556939328992879, 0.7584796780783982, 0.7611043176960341, 0.7629659356209404, 0.7646315999372822, 0.7679933905632933, 0.7664465544271514, 0.7689978096670771, 0.7695808212020453, 0.7700210219769384, 0.7700270264174701]}