{"epochs": ["michiyasunaga/BioLinkBERT-large", 1, 2, 3, 4, 5, 6, 7, 8, 9, 10, 11, 12, 13, 14, 15, 16, 17, 18, 19, 20, 21, 22, 23, 24, 25, 26, 27, 28, 29, 30, 31, 32, 33, 34, 35, 36, 37, 38, 39, 40, 41, 42, 43, 44, 45, 46, 47, 48], "val_scores": [-0.07763560856450846, -0.022254380554091704, -0.021408973628974197, -0.04052675313899264, -0.039751138099033655, 0.27442236522638097, 0.5858912493411066, 0.6157001116769054, 0.6248963285141926, 0.6235552699627811, 0.6376079612371589, 0.6362706371641617, 0.6512316364916417, 0.6532379899281442, 0.6557294445830015, 0.6559154066261249, 0.6654770989386862, 0.6697377302627022, 0.6730558990460246, 0.6812737846649943, 0.689669353894134, 0.6964746136717181, 0.7016220985042426, 0.7088460007501801, 0.712606171200331, 0.7160349390319711, 0.7208722921302034, 0.726109438445282, 0.7264505887981142, 0.7294998819633749, 0.7321650136558466, 0.7346537473806835, 0.7327876511415423, 0.7340855081094904, 0.7367817808596085, 0.7376301399974651, 0.7375675245652229, 0.7380546120639083, 0.7390139783884895, 0.7396320379086082, 0.7401031467354311, 0.7398634326971186, 0.7403544519413778, 0.7398645482802525, 0.7402420230640782, 0.7420400075944125, 0.7409493903489136, 0.740824819316183, 0.7408595043863201], "test_scores": [-0.08183092463127611, -0.030839044034732286, -0.030773501623389907, -0.048524467164786415, -0.04780967413464618, 0.266915249915663, 0.5741299178665342, 0.6022308188744158, 0.612725090427088, 0.609597119629178, 0.6227297792015003, 0.6228968647583802, 0.6333919521892867, 0.6379551046280229, 0.6391227590072519, 0.6440455040396051, 0.6487629395066649, 0.6549886051299575, 0.6606410058172487, 0.6712341213088819, 0.6818304595278198, 0.6871636673130294, 0.6942934850641911, 0.7011839642280533, 0.7039822648543329, 0.7097684427707768, 0.7128010643164062, 0.7187926673803768, 0.7191781573873901, 0.7243965571678325, 0.7265514407187664, 0.7266680504602222, 0.7282960926899542, 0.7306399749932108, 0.7317164683068513, 0.7329858698037587, 0.7330706465997114, 0.7335242966340281, 0.7359589592583841, 0.7359496582177307, 0.7360859714753517, 0.7358775751636193, 0.7370087120849407, 0.7362830066522115, 0.7365100322387849, 0.7391446604107385, 0.7374623349236227, 0.7364698977106062, 0.737086615090885]}