{
  "epochs": [
    0,
    0.9985855728429985,
    1.9971711456859973,
    2.9957567185289955,
    3.9943422913719946,
    4.992927864214993,
    5.991513437057992,
    6.99009900990099,
    7.988684582743989,
    8.987270155586987,
    9.985855728429986,
    10.984441301272984,
    11.983026874115984,
    12.981612446958982,
    13.98019801980198,
    14.978783592644978,
    15.977369165487977,
    16.975954738330977,
    17.974540311173975,
    18.973125884016973,
    19.97171145685997,
    20.97029702970297,
    21.968882602545968,
    22.967468175388966,
    23.966053748231968,
    24.964639321074966,
    25.963224893917964,
    26.961810466760962,
    27.96039603960396,
    28.95898161244696,
    29.957567185289957,
    30.956152758132955,
    31.954738330975953,
    32.953323903818955,
    33.95190947666195,
    34.95049504950495,
    35.94908062234795,
    36.94766619519095,
    37.946251768033946,
    38.944837340876944,
    39.94342291371994,
    40.94200848656294
  ],
  "val_scores": [
    -0.25110305846707454,
    -0.039577323281871406,
    0.3382086336141815,
    0.5348528950719746,
    0.5669077855395382,
    0.57640236186687,
    0.5922529985098242,
    0.6016815884665225,
    0.6033597164916007,
    0.6052085341727456,
    0.6165088707792168,
    0.621543738646734,
    0.6344907636770529,
    0.6401382404647622,
    0.6514444779592664,
    0.6616376076651947,
    0.6691975240671999,
    0.68191932733228,
    0.695398706480695,
    0.7026911818315084,
    0.7066063255568891,
    0.7143928742099599,
    0.7190880594421211,
    0.7214700080352702,
    0.7244622351787349,
    0.7292933316219142,
    0.7327024094795654,
    0.7341693184249289,
    0.7339614518122338,
    0.7372509583274974,
    0.7386885059278276,
    0.7403448292865812,
    0.7401777169602876,
    0.7421396667889673,
    0.7424505195672317,
    0.743530865844854,
    0.742143823304503,
    0.7425703770947393,
    0.7438826773267351,
    0.7415578569600988,
    0.7425462420555505,
    0.7407893174141362
  ],
  "test_scores": [
    -0.2643286083705699,
    -0.034537804431062434,
    0.34521992265000856,
    0.5399386848730704,
    0.5749110959237665,
    0.5835271410115179,
    0.5956811701702686,
    0.6036953962418418,
    0.6079316182970473,
    0.6091828942401416,
    0.6172036525782589,
    0.6206398898031987,
    0.6293919285018991,
    0.6354591446824998,
    0.6423866058445292,
    0.6524850057807502,
    0.6619033696222257,
    0.671284724092592,
    0.6850893547718688,
    0.6936177790408322,
    0.7014015386057738,
    0.7080216430495957,
    0.7113498665395062,
    0.7174006023549803,
    0.7207015468302196,
    0.7231604822315688,
    0.7266903894301951,
    0.727588004413824,
    0.7275743887257222,
    0.7312345737974671,
    0.7319435015612454,
    0.7361663801020235,
    0.7344725975832899,
    0.7348872467679994,
    0.7349923209864678,
    0.7379162856765685,
    0.7376411956283251,
    0.7380797760426049,
    0.7394043494515435,
    0.7383648550146676,
    0.7379809278896703,
    0.7369889080538589
  ]
}